<!-- Logback configuration. See http://logback.qos.ch/manual/index.html -->
<configuration scan="true" scanPeriod="10 seconds">
    <contextName>recommend-tencent</contextName>

    <!-- Simple file output -->
    <appender name="FILE" class="ch.qos.logback.core.rolling.RollingFileAppender">
        <!-- encoder defaults to ch.qos.logback.classic.encoder.PatternLayoutEncoder -->
        <encoder>
            <pattern>
                [ %-5level] [%date{yyyy-MM-dd HH:mm:ss}] [ %thread ] %logger{96} [%line] - %msg%n
            </pattern>
            <charset>UTF-8</charset>
            <!-- 此处设置字符集 -->
        </encoder>

        <rollingPolicy class="ch.qos.logback.core.rolling.TimeBasedRollingPolicy">
            <!-- rollover daily 配置日志所生成的目录以及生成文件名的规则 -->
            <fileNamePattern>logs/tencent-%d{yyyy-MM-dd}.%i.log</fileNamePattern>
            <timeBasedFileNamingAndTriggeringPolicy
                    class="ch.qos.logback.core.rolling.SizeAndTimeBasedFNATP">
                <!-- or whenever the file size reaches 64 MB -->
                <maxFileSize>64 MB</maxFileSize>
            </timeBasedFileNamingAndTriggeringPolicy>
        </rollingPolicy>

        <filter class="ch.qos.logback.classic.filter.ThresholdFilter">
            <level>DEBUG</level>
        </filter>
        <!-- Safely log to the same file from multiple JVMs. Degrades performance! -->
        <prudent>true</prudent>
    </appender>

    <!-- Console output -->
    <appender name="STDOUT" class="ch.qos.logback.core.ConsoleAppender">
        <!-- encoder defaults to ch.qos.logback.classic.encoder.PatternLayoutEncoder -->
        <encoder>
            <pattern>
                [ %-5level] [%date{yyyy-MM-dd HH:mm:ss}] [ %thread ] %logger{96} [%line] - %msg%n
            </pattern>
            <charset>UTF-8</charset> <!-- 此处设置字符集 -->
        </encoder>
        <!-- Only log level INFO and above -->
        <filter class="ch.qos.logback.classic.filter.ThresholdFilter">
            <level>DEBUG</level>
        </filter>
    </appender>

    <!-- uploadActionAppender -->
    <appender name="uploadActionAppender" class="ch.qos.logback.core.rolling.RollingFileAppender">
        <!-- encoder defaults to ch.qos.logback.classic.encoder.PatternLayoutEncoder -->
        <encoder>
            <pattern>
                [ %-5level] [%date{yyyy-MM-dd HH:mm:ss}] [ %thread ] %logger{96} [%line] - %msg%n
            </pattern>
            <charset>UTF-8</charset>
            <!-- 此处设置字符集 -->
        </encoder>

        <rollingPolicy class="ch.qos.logback.core.rolling.TimeBasedRollingPolicy">
            <!-- rollover daily 配置日志所生成的目录以及生成文件名的规则 -->
            <fileNamePattern>logs/tencent/upload-action-%d{yyyy-MM-dd}.%i.log</fileNamePattern>
            <timeBasedFileNamingAndTriggeringPolicy
                    class="ch.qos.logback.core.rolling.SizeAndTimeBasedFNATP">
                <!-- or whenever the file size reaches 64 MB -->
                <maxFileSize>64 MB</maxFileSize>
            </timeBasedFileNamingAndTriggeringPolicy>
        </rollingPolicy>

        <filter class="ch.qos.logback.classic.filter.ThresholdFilter">
            <level>INFO</level>
        </filter>
        <!-- Safely log to the same file from multiple JVMs. Degrades performance! -->
        <prudent>true</prudent>
    </appender>

    <!-- uploadItemAppender -->
    <appender name="uploadItemAppender" class="ch.qos.logback.core.rolling.RollingFileAppender">
        <!-- encoder defaults to ch.qos.logback.classic.encoder.PatternLayoutEncoder -->
        <encoder>
            <pattern>
                [ %-5level] [%date{yyyy-MM-dd HH:mm:ss}] [ %thread ] %logger{96} [%line] - %msg%n
            </pattern>
            <charset>UTF-8</charset>
            <!-- 此处设置字符集 -->
        </encoder>

        <rollingPolicy class="ch.qos.logback.core.rolling.TimeBasedRollingPolicy">
            <!-- rollover daily 配置日志所生成的目录以及生成文件名的规则 -->
            <fileNamePattern>logs/tencent/upload-itemId-%d{yyyy-MM-dd}.%i.log</fileNamePattern>
            <timeBasedFileNamingAndTriggeringPolicy
                    class="ch.qos.logback.core.rolling.SizeAndTimeBasedFNATP">
                <!-- or whenever the file size reaches 64 MB -->
                <maxFileSize>64 MB</maxFileSize>
            </timeBasedFileNamingAndTriggeringPolicy>
        </rollingPolicy>

        <filter class="ch.qos.logback.classic.filter.ThresholdFilter">
            <level>INFO</level>
        </filter>
        <!-- Safely log to the same file from multiple JVMs. Degrades performance! -->
        <prudent>true</prudent>
    </appender>

    <!-- 输出uploadAction日志 -->
    <logger name="com.gionee.bigdata.recommender.tencent.UploadAction" level="INFO" additivity="false">
        <appender-ref ref="uploadActionAppender"/>
    </logger>
    <logger name="com.gionee.bigdata.recommender.tencent.UploadActionRunnable" level="INFO" additivity="false">
        <appender-ref ref="uploadActionAppender"/>
    </logger>

    <!-- 输出uploadItem日志 -->
    <logger name="com.gionee.bigdata.recommender.tencent.UploadItem" level="INFO" additivity="false">
        <appender-ref ref="uploadItemAppender"/>
    </logger>
    <logger name="com.gionee.bigdata.recommender.tencent.UploadItemRunnable" level="INFO" additivity="false">
        <appender-ref ref="uploadItemAppender"/>
    </logger>

    <!-- Enable FILE and STDOUT appenders for all log messages.
         By default, only log at level INFO and above. -->
    <root level="DEBUG">
        <appender-ref ref="STDOUT"/>
        <appender-ref ref="FILE"/>
    </root>

</configuration>
