<!-- Logback configuration. See http://logback.qos.ch/manual/index.html -->
<configuration scan="true" scanPeriod="10 seconds">
    <contextName>gdata-recommender-api</contextName>

    <!-- Simple file output -->
    <appender name="FILE" class="ch.qos.logback.core.rolling.RollingFileAppender">
        <!-- encoder defaults to ch.qos.logback.classic.encoder.PatternLayoutEncoder -->
        <encoder>
            <pattern>
                [ %-5level] [%date{yyyy-MM-dd HH:mm:ss}] %logger{96} [%line] - %msg%n
            </pattern>
            <charset>UTF-8</charset>
            <!-- 此处设置字符集 -->
        </encoder>

        <rollingPolicy class="ch.qos.logback.core.rolling.TimeBasedRollingPolicy">
            <!-- rollover daily 配置日志所生成的目录以及生成文件名的规则 -->
            <fileNamePattern>../logs/gdata-recommender-api-%d{yyyy-MM-dd}.%i.log</fileNamePattern>
            <timeBasedFileNamingAndTriggeringPolicy
                    class="ch.qos.logback.core.rolling.SizeAndTimeBasedFNATP">
                <!-- or whenever the file size reaches 64 MB -->
                <maxFileSize>64 MB</maxFileSize>
            </timeBasedFileNamingAndTriggeringPolicy>
        </rollingPolicy>

        <filter class="ch.qos.logback.classic.filter.ThresholdFilter">
            <level>INFO</level>
        </filter>
        <!-- Safely log to the same file from multiple JVMs. Degrades performance! -->
        <prudent>true</prudent>
    </appender>

    <!-- Console output -->
    <appender name="STDOUT" class="ch.qos.logback.core.ConsoleAppender">
        <!-- encoder defaults to ch.qos.logback.classic.encoder.PatternLayoutEncoder -->
        <encoder>
            <pattern>
                [ %-5level] [%date{yyyy-MM-dd HH:mm:ss}] %logger{96} [%line] - %msg%n
            </pattern>
            <charset>UTF-8</charset> <!-- 此处设置字符集 -->
        </encoder>
        <!-- Only log level INFO and above -->
        <filter class="ch.qos.logback.classic.filter.ThresholdFilter">
            <level>INFO</level>
        </filter>
    </appender>

    <!-- themeAppender -->
    <appender name="themeAppender" class="ch.qos.logback.core.rolling.RollingFileAppender">
        <!-- encoder defaults to ch.qos.logback.classic.encoder.PatternLayoutEncoder -->
        <encoder>
            <pattern>
                %msg%n
            </pattern>
            <charset>UTF-8</charset>
            <!-- 此处设置字符集 -->
        </encoder>

        <rollingPolicy class="ch.qos.logback.core.rolling.TimeBasedRollingPolicy">
            <!-- rollover daily 配置日志所生成的目录以及生成文件名的规则 -->
            <fileNamePattern>../logs/theme/gdata-theme-api-%d{yyyy-MM-dd}.%i.log</fileNamePattern>
            <timeBasedFileNamingAndTriggeringPolicy
                    class="ch.qos.logback.core.rolling.SizeAndTimeBasedFNATP">
                <!-- or whenever the file size reaches 64 MB -->
                <maxFileSize>64 MB</maxFileSize>
            </timeBasedFileNamingAndTriggeringPolicy>
        </rollingPolicy>

        <filter class="ch.qos.logback.classic.filter.ThresholdFilter">
            <level>INFO</level>
        </filter>
        <!-- Safely log to the same file from multiple JVMs. Degrades performance! -->
        <prudent>true</prudent>
    </appender>

    <!-- downloadManagerAppender -->
    <appender name="downloadManagerAppender" class="ch.qos.logback.core.rolling.RollingFileAppender">
        <!-- encoder defaults to ch.qos.logback.classic.encoder.PatternLayoutEncoder -->
        <encoder>
            <pattern>
                %msg%n
            </pattern>
            <charset>UTF-8</charset>
            <!-- 此处设置字符集 -->
        </encoder>

        <rollingPolicy class="ch.qos.logback.core.rolling.TimeBasedRollingPolicy">
            <!-- rollover daily 配置日志所生成的目录以及生成文件名的规则 -->
            <fileNamePattern>../logs/downloadManager/gdata-downloadManager-api-%d{yyyy-MM-dd}.%i.log</fileNamePattern>
            <timeBasedFileNamingAndTriggeringPolicy
                    class="ch.qos.logback.core.rolling.SizeAndTimeBasedFNATP">
                <!-- or whenever the file size reaches 64 MB -->
                <maxFileSize>64 MB</maxFileSize>
            </timeBasedFileNamingAndTriggeringPolicy>
        </rollingPolicy>

        <filter class="ch.qos.logback.classic.filter.ThresholdFilter">
            <level>INFO</level>
        </filter>
        <!-- Safely log to the same file from multiple JVMs. Degrades performance! -->
        <prudent>true</prudent>
    </appender>

    <!-- gameHallAppender -->
    <appender name="gameHallAppender" class="ch.qos.logback.core.rolling.RollingFileAppender">
        <!-- encoder defaults to ch.qos.logback.classic.encoder.PatternLayoutEncoder -->
        <encoder>
            <pattern>
                %msg%n
            </pattern>
            <charset>UTF-8</charset>
            <!-- 此处设置字符集 -->
        </encoder>

        <rollingPolicy class="ch.qos.logback.core.rolling.TimeBasedRollingPolicy">
            <!-- rollover daily 配置日志所生成的目录以及生成文件名的规则 -->
            <fileNamePattern>../logs/gameHall/gdata-gameHall-api-%d{yyyy-MM-dd}.%i.log</fileNamePattern>
            <timeBasedFileNamingAndTriggeringPolicy
                    class="ch.qos.logback.core.rolling.SizeAndTimeBasedFNATP">
                <!-- or whenever the file size reaches 64 MB -->
                <maxFileSize>64 MB</maxFileSize>
            </timeBasedFileNamingAndTriggeringPolicy>
        </rollingPolicy>

        <filter class="ch.qos.logback.classic.filter.ThresholdFilter">
            <level>INFO</level>
        </filter>
        <!-- Safely log to the same file from multiple JVMs. Degrades performance! -->
        <prudent>true</prudent>
    </appender>

    <!-- 异步输出 -->
    <appender name ="ASYNC_FILE" class= "ch.qos.logback.classic.AsyncAppender">
        <!-- 不丢失日志.默认的,如果队列的80%已满,则会丢弃TRACT、DEBUG、INFO级别的日志 -->
        <discardingThreshold >0</discardingThreshold>
        <!-- 更改默认的队列的深度,该值会影响性能.默认值为256 -->
        <queueSize>512</queueSize>
        <!-- 添加附加的appender,最多只能添加一个 -->
        <appender-ref ref ="FILE"/>
    </appender>
    <!-- 异步输出 -->
    <appender name ="ASYNC_STDOUT" class= "ch.qos.logback.classic.AsyncAppender">
        <!-- 不丢失日志.默认的,如果队列的80%已满,则会丢弃TRACT、DEBUG、INFO级别的日志 -->
        <discardingThreshold >0</discardingThreshold>
        <!-- 更改默认的队列的深度,该值会影响性能.默认值为256 -->
        <queueSize>512</queueSize>
        <!-- 添加附加的appender,最多只能添加一个 -->
        <appender-ref ref ="STDOUT"/>
    </appender>
    <!-- 异步输出 -->
    <appender name ="ASYNC_themeAppender" class= "ch.qos.logback.classic.AsyncAppender">
        <!-- 不丢失日志.默认的,如果队列的80%已满,则会丢弃TRACT、DEBUG、INFO级别的日志 -->
        <discardingThreshold >0</discardingThreshold>
        <!-- 更改默认的队列的深度,该值会影响性能.默认值为256 -->
        <queueSize>512</queueSize>
        <!-- 添加附加的appender,最多只能添加一个 -->
        <appender-ref ref ="themeAppender"/>
    </appender>
    <!-- 异步输出 -->
    <appender name ="ASYNC_downloadManagerAppender" class= "ch.qos.logback.classic.AsyncAppender">
        <!-- 不丢失日志.默认的,如果队列的80%已满,则会丢弃TRACT、DEBUG、INFO级别的日志 -->
        <discardingThreshold >0</discardingThreshold>
        <!-- 更改默认的队列的深度,该值会影响性能.默认值为256 -->
        <queueSize>512</queueSize>
        <!-- 添加附加的appender,最多只能添加一个 -->
        <appender-ref ref ="downloadManagerAppender"/>
    </appender>
    <!-- 异步输出 -->
    <appender name ="ASYNC_gameHallAppender" class= "ch.qos.logback.classic.AsyncAppender">
        <!-- 不丢失日志.默认的,如果队列的80%已满,则会丢弃TRACT、DEBUG、INFO级别的日志 -->
        <discardingThreshold >0</discardingThreshold>
        <!-- 更改默认的队列的深度,该值会影响性能.默认值为256 -->
        <queueSize>512</queueSize>
        <!-- 添加附加的appender,最多只能添加一个 -->
        <appender-ref ref ="gameHallAppender"/>
    </appender>

    <logger name="org.hibernate" level="WARN"/>
    <logger name="org.apache.zookeeper" level="WARN"/>
    <logger name="org.apache.hadoop" level="WARN"/>

    <!-- 输出下载管理日志 -->
    <logger name="com.gionee.gdata.recommender.api.DownloadManagerController" level="INFO" additivity="false">
        <appender-ref ref="downloadManagerAppender"/>
    </logger>
    <!-- 输出主题推荐日志 -->
    <logger name="com.gionee.gdata.recommender.api.ThemeController" level="INFO" additivity="false">
        <appender-ref ref="themeAppender"/>
    </logger>
    <!-- 输出桌面推荐日志 -->
    <logger name="com.gionee.gdata.recommender.api.GameHallController" level="INFO" additivity="false">
        <appender-ref ref="gameHallAppender"/>
    </logger>

    <!-- Enable FILE and STDOUT appenders for all log messages.
         By default, only log at level INFO and above. -->
    <root level="DEBUG">
        <appender-ref ref="STDOUT"/>
        <appender-ref ref="FILE"/>
    </root>

</configuration>
