<?xml version="1.0" encoding="UTF-8"?>
<ehcache xmlns:xsi="http://www.w3.org/2001/XMLSchema-instance" xsi:noNamespaceSchemaLocation="http://ehcache.org/ehcache.xsd"
         updateCheck="true" monitoring="autodetect" dynamicConfig="true">

    <!--
    操作系统不同 这个系统属性所表示的目录也不同
    On Windows: java.io.tmpdir:[c:\temp]
    On Solaris: java.io.tmpdir:[/var/tmp/]
    On Linux: java.io.tmpdir: [/tmp]
    On Mac OS X: java.io.tmpdir: [/tmp]
    -->
    <diskStore path="java.io.tmpdir"/>

    <!--
    name：Cache的唯一标识
    maxElementsInMemory：内存中最大缓存对象数
    maxElementsOnDisk：磁盘中最大缓存对象数，若是0表示无穷大
    eternal：Element是否永久有效，一但设置了，timeout将不起作用
    overflowToDisk：配置此属性，当内存中Element数量达到maxElementsInMemory时，Ehcache将会Element写到磁盘中
    timeToIdleSeconds：设置Element在失效前的允许闲置时间。仅当element不是永久有效时使用，可选属性，默认值是0，也就是可闲置时间无穷大
    timeToLiveSeconds：设置Element在失效前允许存活时间。最大时间介于创建时间和失效时间之间。仅当element不是永久有效时使用，默认是0.，也就是element存活时间无穷大
    diskPersistent：是否缓存虚拟机重启期数据
    diskExpiryThreadIntervalSeconds：磁盘失效线程运行时间间隔，默认是120秒
    diskSpoolBufferSizeMB：这个参数设置DiskStore（磁盘缓存）的缓存区大小。默认是30MB。每个Cache都应该有自己的一个缓冲区
    memoryStoreEvictionPolicy：当达到maxElementsInMemory限制时，Ehcache将会根据指定的策略去清理内存。默认策略是LRU（最近最少使用）。你可以设置为FIFO（先进先出）或是LFU（较少使用）
    -->

    <defaultCache maxElementsInMemory="10000"
                  eternal="false"
                  timeToIdleSeconds="120"
                  timeToLiveSeconds="120"
                  overflowToDisk="true"
                  maxElementsOnDisk="10000000"
                  diskPersistent="false"
                  diskExpiryThreadIntervalSeconds="120"
                  memoryStoreEvictionPolicy="LRU"/>

    <cache name="gameDailyVectorCache"
           maxElementsInMemory="100000"
           maxElementsOnDisk="10000000"
           eternal="false"
           overflowToDisk="true"
           diskSpoolBufferSizeMB="2000"
           timeToIdleSeconds="300"
           timeToLiveSeconds="600"
           memoryStoreEvictionPolicy="LFU"/>

    <cache name="newGameDailyVectorCache"
           maxElementsInMemory="100000"
           maxElementsOnDisk="10000000"
           eternal="false"
           overflowToDisk="true"
           diskSpoolBufferSizeMB="2000"
           timeToIdleSeconds="300"
           timeToLiveSeconds="600"
           memoryStoreEvictionPolicy="LFU"/>

    <cache name="similarAppsCache"
           maxElementsInMemory="10000"
           maxElementsOnDisk="100000"
           eternal="false"
           overflowToDisk="true"
           diskSpoolBufferSizeMB="2000"
           timeToIdleSeconds="300"
           timeToLiveSeconds="600"
           memoryStoreEvictionPolicy="LRU"/>

    <!--<cache name="userItemVectorCache"-->
           <!--maxElementsInMemory="200"-->
           <!--maxElementsOnDisk="1000"-->
           <!--eternal="false"-->
           <!--overflowToDisk="true"-->
           <!--diskSpoolBufferSizeMB="20"-->
           <!--timeToIdleSeconds="300"-->
           <!--timeToLiveSeconds="600"-->
           <!--memoryStoreEvictionPolicy="LFU"/>-->
    <!--<cache name="userVectorCache"-->
           <!--maxElementsInMemory="200"-->
           <!--maxElementsOnDisk="1000"-->
           <!--eternal="false"-->
           <!--overflowToDisk="true"-->
           <!--diskSpoolBufferSizeMB="20"-->
           <!--timeToIdleSeconds="300"-->
           <!--timeToLiveSeconds="600"-->
           <!--memoryStoreEvictionPolicy="LFU"/>-->
    <!--<cache name="variableVectorCache"-->
           <!--maxElementsInMemory="200"-->
           <!--maxElementsOnDisk="1000"-->
           <!--eternal="false"-->
           <!--overflowToDisk="true"-->
           <!--diskSpoolBufferSizeMB="20"-->
           <!--timeToIdleSeconds="300"-->
           <!--timeToLiveSeconds="600"-->
           <!--memoryStoreEvictionPolicy="LFU"/>-->

</ehcache>